{
	"BE": {
		"2024": [
			{
				"date": "2024-01-01",
				"name": "New Year's Day",
				"type": "public"
			},	
      {
				"date": "2024-03-31",
				"name": "Easter Sunday",
				"type": "public"
			},
			{
				"date": "2024-04-01",
				"name": "Easter Monday",
				"type": "public"
			},
			{
				"date": "2024-05-01",
				"name": "Labour Day",
				"type": "public"
			},
			{
				"date": "2024-05-09",
				"name": "Ascension Day",
				"type": "public"
			},
			{
				"date": "2024-05-19",
				"name": "Whit Sunday",
				"type": "public"
			},
			{
				"date": "2024-05-20",
				"name": "Whit Monday",
				"type": "public"
			},
			{
				"date": "2024-07-21",
				"name": "Belgian National Day",
				"type": "public"
			},
			{
				"date": "2024-08-15",
				"name": "Assumption Day",
				"type": "public"
			},
			{
				"date": "2024-11-01",
				"name": "All Saints' Day",
				"type": "public"
			},
			{
				"date": "2024-11-11",
				"name": "Armistice Day",
				"type": "public"
			},
			{
				"date": "2024-12-25",
				"name": "Christmas Day",
				"type": "public"
			}
		],
		"2025": [
			{
				"date": "2025-01-01",
				"name": "New Year's Day",
				"type": "public"
			},
			{
				"date": "2025-04-20",
				"name": "Easter Sunday",
				"type": "public"
			},
			{
				"date": "2025-04-21",
				"name": "Easter Monday",
				"type": "public"
			},
			{
				"date": "2025-05-01",
				"name": "Labour Day",
				"type": "public"
			},
			{
				"date": "2025-05-29",
				"name": "Ascension Day",
				"type": "public"
			},
			{
				"date": "2025-06-08",
				"name": "Whit Sunday",
				"type": "public"
			},
			{
				"date": "2025-06-09",
				"name": "Whit Monday",
				"type": "public"
			},
			{
				"date": "2025-07-21",
				"name": "Belgian National Day",
				"type": "public"
			},
			{
				"date": "2025-08-15",
				"name": "Assumption Day",
				"type": "public"
			},
			{
				"date": "2025-11-01",
				"name": "All Saints' Day",
				"type": "public"
			},
			{
				"date": "2025-11-11",
				"name": "Armistice Day",
				"type": "public"
			},
			{
				"date": "2025-12-25",
				"name": "Christmas Day",
				"type": "public"
			}
		],
		"2026": [
			{
				"date": "2026-01-01",
				"name": "New Year's Day",
				"type": "public"
			},
      {
				"date": "2026-03-23",
				"name": "DemoDay",
				"type": "public"
			},		
			{
				"date": "2026-04-05",
				"name": "Easter Sunday",
				"type": "public"
			},
			{
				"date": "2026-04-06",
				"name": "Easter Monday",
				"type": "public"
			},
			{
				"date": "2026-05-01",
				"name": "Labour Day",
				"type": "public"
			},
			{
				"date": "2026-05-14",
				"name": "Ascension Day",
				"type": "public"
			},
			{
				"date": "2026-05-24",
				"name": "Whit Sunday",
				"type": "public"
			},
			{
				"date": "2026-05-25",
				"name": "Whit Monday",
				"type": "public"
			},
			{
				"date": "2026-07-21",
				"name": "Belgian National Day",
				"type": "public"
			},
			{
				"date": "2026-08-15",
				"name": "Assumption Day",
				"type": "public"
			},
			{
				"date": "2026-11-01",
				"name": "All Saints' Day",
				"type": "public"
			},
			{
				"date": "2026-11-11",
				"name": "Armistice Day",
				"type": "public"
			},
			{
				"date": "2026-12-25",
				"name": "Christmas Day",
				"type": "public"
			}
		],
		"2027": [
			{
				"date": "2027-01-01",
				"name": "New Year's Day",
				"type": "public"
			},
			{
				"date": "2027-03-28",
				"name": "Easter Sunday",
				"type": "public"
			},
			{
				"date": "2027-03-29",
				"name": "Easter Monday",
				"type": "public"
			},
			{
				"date": "2027-05-01",
				"name": "Labour Day",
				"type": "public"
			},
			{
				"date": "2027-05-06",
				"name": "Ascension Day",
				"type": "public"
			},
			{
				"date": "2027-05-16",
				"name": "Whit Sunday",
				"type": "public"
			},
			{
				"date": "2027-05-17",
				"name": "Whit Monday",
				"type": "public"
			},
			{
				"date": "2027-07-21",
				"name": "Belgian National Day",
				"type": "public"
			},
			{
				"date": "2027-08-15",
				"name": "Assumption Day",
				"type": "public"
			},
			{
				"date": "2027-11-01",
				"name": "All Saints' Day",
				"type": "public"
			},
			{
				"date": "2027-11-11",
				"name": "Armistice Day",
				"type": "public"
			},
			{
				"date": "2027-12-25",
				"name": "Christmas Day",
				"type": "public"
			}
		],
		"2028": [
			{
				"date": "2028-01-01",
				"name": "New Year's Day",
				"type": "public"
			},
			{
				"date": "2028-04-16",
				"name": "Easter Sunday",
				"type": "public"
			},
			{
				"date": "2028-04-17",
				"name": "Easter Monday",
				"type": "public"
			},
			{
				"date": "2028-05-01",
				"name": "Labour Day",
				"type": "public"
			},
			{
				"date": "2028-05-25",
				"name": "Ascension Day",
				"type": "public"
			},
			{
				"date": "2028-06-04",
				"name": "Whit Sunday",
				"type": "public"
			},
			{
				"date": "2028-06-05",
				"name": "Whit Monday",
				"type": "public"
			},
			{
				"date": "2028-07-21",
				"name": "Belgian National Day",
				"type": "public"
			},
			{
				"date": "2028-08-15",
				"name": "Assumption Day",
				"type": "public"
			},
			{
				"date": "2028-11-01",
				"name": "All Saints' Day",
				"type": "public"
			},
			{
				"date": "2028-11-11",
				"name": "Armistice Day",
				"type": "public"
			},
			{
				"date": "2028-12-25",
				"name": "Christmas Day",
				"type": "public"
			}
		]
	},
	"GB": {
		"2024": [
			{
				"date": "2024-01-01",
				"name": "New Year's Day",
				"type": "public"
			},
			{
				"date": "2024-03-29",
				"name": "Good Friday",
				"type": "public"
			},
			{
				"date": "2024-04-01",
				"name": "Easter Monday",
				"type": "public"
			},
			{
				"date": "2024-05-06",
				"name": "Early May Bank Holiday",
				"type": "public"
			},
			{
				"date": "2024-05-27",
				"name": "Spring Bank Holiday",
				"type": "public"
			},
			{
				"date": "2024-08-26",
				"name": "Summer Bank Holiday",
				"type": "public"
			},
			{
				"date": "2024-12-25",
				"name": "Christmas Day",
				"type": "public"
			},
			{
				"date": "2024-12-26",
				"name": "Boxing Day",
				"type": "public"
			}
		],
		"2025": [
			{
				"date": "2025-01-01",
				"name": "New Year's Day",
				"type": "public"
			},
			{
				"date": "2025-04-18",
				"name": "Good Friday",
				"type": "public"
			},
			{
				"date": "2025-04-21",
				"name": "Easter Monday",
				"type": "public"
			},
			{
				"date": "2025-05-05",
				"name": "Early May Bank Holiday",
				"type": "public"
			},
			{
				"date": "2025-05-26",
				"name": "Spring Bank Holiday",
				"type": "public"
			},
			{
				"date": "2025-08-25",
				"name": "Summer Bank Holiday",
				"type": "public"
			},
			{
				"date": "2025-12-25",
				"name": "Christmas Day",
				"type": "public"
			},
			{
				"date": "2025-12-26",
				"name": "Boxing Day",
				"type": "public"
			}
		],
		"2026": [
			{
				"date": "2026-01-01",
				"name": "New Year's Day",
				"type": "public"
			},
			{
				"date": "2026-04-03",
				"name": "Good Friday",
				"type": "public"
			},
			{
				"date": "2026-04-06",
				"name": "Easter Monday",
				"type": "public"
			},
			{
				"date": "2026-05-04",
				"name": "Early May Bank Holiday",
				"type": "public"
			},
			{
				"date": "2026-05-25",
				"name": "Spring Bank Holiday",
				"type": "public"
			},
			{
				"date": "2026-08-31",
				"name": "Summer Bank Holiday",
				"type": "public"
			},
			{
				"date": "2026-12-25",
				"name": "Christmas Day",
				"type": "public"
			},
			{
				"date": "2026-12-26",
				"name": "Boxing Day",
				"type": "public"
			}
		],
		"2027": [
			{
				"date": "2027-01-01",
				"name": "New Year's Day",
				"type": "public"
			},
			{
				"date": "2027-03-26",
				"name": "Good Friday",
				"type": "public"
			},
			{
				"date": "2027-03-29",
				"name": "Easter Monday",
				"type": "public"
			},
			{
				"date": "2027-05-03",
				"name": "Early May Bank Holiday",
				"type": "public"
			},
			{
				"date": "2027-05-31",
				"name": "Spring Bank Holiday",
				"type": "public"
			},
			{
				"date": "2027-08-30",
				"name": "Summer Bank Holiday",
				"type": "public"
			},
			{
				"date": "2027-12-25",
				"name": "Christmas Day",
				"type": "public"
			},
			{
				"date": "2027-12-26",
				"name": "Boxing Day",
				"type": "public"
			}
		],
		"2028": [
			{
				"date": "2028-01-01",
				"name": "New Year's Day",
				"type": "public"
			},
			{
				"date": "2028-04-14",
				"name": "Good Friday",
				"type": "public"
			},
			{
				"date": "2028-04-17",
				"name": "Easter Monday",
				"type": "public"
			},
			{
				"date": "2028-05-01",
				"name": "Early May Bank Holiday",
				"type": "public"
			},
			{
				"date": "2028-05-29",
				"name": "Spring Bank Holiday",
				"type": "public"
			},
			{
				"date": "2028-08-28",
				"name": "Summer Bank Holiday",
				"type": "public"
			},
			{
				"date": "2028-12-25",
				"name": "Christmas Day",
				"type": "public"
			},
			{
				"date": "2028-12-26",
				"name": "Boxing Day",
				"type": "public"
			}
		]
	}
}
